<?xml version = '1.0' encoding = 'UTF-8'?>
<Relation class="oracle.dbtools.crest.model.design.logical.Relation" name="Relation_12" directorySegmentName="seg_0" id="4053AF10-AFFA-4B89-56F7-592C4F41B80D">
<createdBy>evely</createdBy>
<createdTime>2026-01-19 00:48:32 UTC</createdTime>
<ownerDesignName>Exp1_S1_Grupo8</ownerDesignName>
<engineerTo>
<item key="098FA228-5A64-FFB1-D309-B2D589EADEFB" value="true"/>
</engineerTo>
<sourcePk>BCA4C6B9-F74A-2D67-E596-EFE46C27ACAE</sourcePk>
<identifying>false</identifying>
<nameOnSource>Tipo</nameOnSource>
<nameOnTarget>Es</nameOnTarget>
<optionalSource>false</optionalSource>
<optionalTarget>false</optionalTarget>
<sourceCardinality>1</sourceCardinality>
<sourceEntity>6B6B7A46-9484-5848-13D4-00CFDEB26686</sourceEntity>
<targetCardinalityString>1</targetCardinalityString>
<targetEntity>F0AC4AD5-183B-6D83-9734-317FDE85D30C</targetEntity>
<transferable>true</transferable>
<deleteRule>NO ACTION</deleteRule>
</Relation>
