<?xml version = '1.0' encoding = 'UTF-8'?>
<Relation class="oracle.dbtools.crest.model.design.logical.Relation" name="Relation_11" directorySegmentName="seg_0" id="5AA79C59-8008-29B5-22AE-FA359DADF885">
<createdBy>evely</createdBy>
<createdTime>2026-01-19 00:46:36 UTC</createdTime>
<ownerDesignName>Exp1_S1_Grupo8</ownerDesignName>
<engineerTo>
<item key="098FA228-5A64-FFB1-D309-B2D589EADEFB" value="true"/>
</engineerTo>
<identifying>false</identifying>
<nameOnSource>Atiende</nameOnSource>
<nameOnTarget>Gestionada</nameOnTarget>
<optionalSource>false</optionalSource>
<optionalTarget>true</optionalTarget>
<sourceCardinality>*</sourceCardinality>
<sourceEntity>61E652A1-36CC-F2BF-6E10-4AB55B45FED0</sourceEntity>
<targetCardinalityString>*</targetCardinalityString>
<targetEntity>5C293BBE-387B-B128-2A9B-00BC78F53944</targetEntity>
<transferable>true</transferable>
<deleteRule>NO ACTION</deleteRule>
</Relation>
