<?xml version = '1.0' encoding = 'UTF-8'?>
<Relation class="oracle.dbtools.crest.model.design.logical.Relation" name="Relation_4" directorySegmentName="seg_0" id="623B7663-2744-139F-F1B6-0CF16EED0391">
<createdBy>evely</createdBy>
<createdTime>2026-01-18 23:00:04 UTC</createdTime>
<ownerDesignName>Exp1_S1_Grupo8</ownerDesignName>
<engineerTo>
<item key="098FA228-5A64-FFB1-D309-B2D589EADEFB" value="true"/>
</engineerTo>
<sourcePk>AF9D24E9-F073-8962-B667-1DD355C25D81</sourcePk>
<identifying>false</identifying>
<nameOnSource>Tiene</nameOnSource>
<nameOnTarget>Corresponde</nameOnTarget>
<optionalSource>true</optionalSource>
<optionalTarget>false</optionalTarget>
<sourceCardinality>1</sourceCardinality>
<sourceEntity>ED4509F3-C839-66E0-1464-D30D8AB0E0AF</sourceEntity>
<targetCardinalityString>*</targetCardinalityString>
<targetEntity>5C293BBE-387B-B128-2A9B-00BC78F53944</targetEntity>
<transferable>true</transferable>
<deleteRule>NO ACTION</deleteRule>
</Relation>
