<?xml version = '1.0' encoding = 'UTF-8'?>
<Relation class="oracle.dbtools.crest.model.design.logical.Relation" name="Relation_8" directorySegmentName="seg_0" id="827279E2-887B-0682-3271-5D2C4B515AB0">
<createdBy>evely</createdBy>
<createdTime>2026-01-19 00:39:52 UTC</createdTime>
<ownerDesignName>Exp1_S1_Grupo8</ownerDesignName>
<engineerTo>
<item key="098FA228-5A64-FFB1-D309-B2D589EADEFB" value="true"/>
</engineerTo>
<sourcePk>1713BAAB-223A-B33B-8504-E160410CE4C3</sourcePk>
<identifying>false</identifying>
<nameOnSource>Necesita</nameOnSource>
<nameOnTarget>Asignada</nameOnTarget>
<optionalSource>false</optionalSource>
<optionalTarget>false</optionalTarget>
<sourceCardinality>1</sourceCardinality>
<sourceEntity>4201A116-CB39-FD4C-AAF1-AA536781138F</sourceEntity>
<targetCardinalityString>*</targetCardinalityString>
<targetEntity>5C293BBE-387B-B128-2A9B-00BC78F53944</targetEntity>
<transferable>true</transferable>
<deleteRule>NO ACTION</deleteRule>
</Relation>
