<?xml version = '1.0' encoding = 'UTF-8'?>
<Relation class="oracle.dbtools.crest.model.design.logical.Relation" name="Relation_13" directorySegmentName="seg_0" id="AD145EA6-381D-AA7D-B35F-032DCF040C64">
<createdBy>evely</createdBy>
<createdTime>2026-01-19 00:50:22 UTC</createdTime>
<ownerDesignName>Exp1_S1_Grupo8</ownerDesignName>
<engineerTo>
<item key="098FA228-5A64-FFB1-D309-B2D589EADEFB" value="true"/>
</engineerTo>
<sourcePk>BCA4C6B9-F74A-2D67-E596-EFE46C27ACAE</sourcePk>
<identifying>false</identifying>
<nameOnSource>Tipo</nameOnSource>
<nameOnTarget>Es</nameOnTarget>
<optionalSource>false</optionalSource>
<optionalTarget>false</optionalTarget>
<sourceCardinality>1</sourceCardinality>
<sourceEntity>6B6B7A46-9484-5848-13D4-00CFDEB26686</sourceEntity>
<targetCardinalityString>1</targetCardinalityString>
<targetEntity>61E652A1-36CC-F2BF-6E10-4AB55B45FED0</targetEntity>
<transferable>true</transferable>
<deleteRule>NO ACTION</deleteRule>
</Relation>
