<?xml version = '1.0' encoding = 'UTF-8'?>
<Relation class="oracle.dbtools.crest.model.design.logical.Relation" name="Relation_15" directorySegmentName="seg_0" id="D2ECE8DF-4717-56D6-0A7F-123AA3CD5850">
<createdBy>evely</createdBy>
<createdTime>2026-01-19 01:05:14 UTC</createdTime>
<ownerDesignName>Exp1_S1_Grupo8</ownerDesignName>
<engineerTo>
<item key="098FA228-5A64-FFB1-D309-B2D589EADEFB" value="true"/>
</engineerTo>
<sourcePk>AF9D24E9-F073-8962-B667-1DD355C25D81</sourcePk>
<identifying>false</identifying>
<nameOnSource>Dueño</nameOnSource>
<nameOnTarget>Pertenece</nameOnTarget>
<optionalSource>true</optionalSource>
<optionalTarget>false</optionalTarget>
<sourceCardinality>1</sourceCardinality>
<sourceEntity>ED4509F3-C839-66E0-1464-D30D8AB0E0AF</sourceEntity>
<targetCardinalityString>*</targetCardinalityString>
<targetEntity>D6D4D292-2A7B-298A-2552-043C335ABFE9</targetEntity>
<transferable>true</transferable>
<deleteRule>NO ACTION</deleteRule>
</Relation>
