<?xml version = '1.0' encoding = 'UTF-8'?>
<Relation class="oracle.dbtools.crest.model.design.logical.Relation" name="Relation_10" directorySegmentName="seg_0" id="DA2E81D1-033C-7A2F-E24A-7546CFD649E1">
<createdBy>evely</createdBy>
<createdTime>2026-01-19 00:42:51 UTC</createdTime>
<ownerDesignName>Exp1_S1_Grupo8</ownerDesignName>
<engineerTo>
<item key="098FA228-5A64-FFB1-D309-B2D589EADEFB" value="true"/>
</engineerTo>
<sourcePk>7C5CCD1E-5374-580A-1C8B-E7487DF46927</sourcePk>
<identifying>false</identifying>
<nameOnSource>Realiza</nameOnSource>
<nameOnTarget>Asociado</nameOnTarget>
<optionalSource>true</optionalSource>
<optionalTarget>false</optionalTarget>
<sourceCardinality>1</sourceCardinality>
<sourceEntity>3CAE413C-2A6D-A0FF-555F-10DE916BFBD1</sourceEntity>
<targetCardinalityString>*</targetCardinalityString>
<targetEntity>4201A116-CB39-FD4C-AAF1-AA536781138F</targetEntity>
<transferable>true</transferable>
<deleteRule>NO ACTION</deleteRule>
</Relation>
