<?xml version = '1.0' encoding = 'UTF-8'?>
<relationalModel class="oracle.dbtools.crest.model.design.relational.RelationalDesign" name="Relational_1" id="098FA228-5A64-FFB1-D309-B2D589EADEFB" mainViewID="E8AB4E93-A6FB-F74E-FB75-82FCE7F223D0">
<createdBy>evely</createdBy>
<createdTime>2026-01-11 01:45:28 UTC</createdTime>
<ownerDesignName>Exp1_S1_Grupo8</ownerDesignName>
<shouldBeOpen>false</shouldBeOpen>
<selectedRDBMSSite>32076570-2523-435C-2E92-BF29817DFF70</selectedRDBMSSite>
</relationalModel>
