<?xml version = '1.0' encoding = 'UTF-8'?>
<Entity class="oracle.dbtools.crest.model.design.logical.Entity" directorySegmentName="seg_0" id="4201A116-CB39-FD4C-AAF1-AA536781138F" name="VUELO">
<createdBy>evely</createdBy>
<createdTime>2026-01-19 00:31:16 UTC</createdTime>
<ownerDesignName>Exp1_S1_Grupo8</ownerDesignName>
<engineerTo>
<item key="098FA228-5A64-FFB1-D309-B2D589EADEFB" value="true"/>
</engineerTo>
<adequatelyNormalized>NO</adequatelyNormalized>
<expectedVolumes>0</expectedVolumes>
<fwdEngineeringStrategyName>Single Table</fwdEngineeringStrategyName>
<growthPercent>0</growthPercent>
<growthType>Year</growthType>
<maxVolumes>9999999</maxVolumes>
<minVolumes>0</minVolumes>
<normalForm>Third</normalForm>
<attributes itemClass="oracle.dbtools.crest.model.design.logical.Attribute">
<Attribute name="numero_vuelo" id="773C5F4B-64E4-3AF9-BBA3-45991D1BAF4F">
<createdBy>evely</createdBy>
<createdTime>2026-01-19 00:33:02 UTC</createdTime>
<ownerDesignName>Exp1_S1_Grupo8</ownerDesignName>
<engineerTo>
<item key="098FA228-5A64-FFB1-D309-B2D589EADEFB" value="true"/>
</engineerTo>
<useDomainConstraints>false</useDomainConstraints>
<use>1</use>
<logicalDatatype>LOGDT019</logicalDatatype>
<dataTypePrecision>10</dataTypePrecision>
<ownDataTypeParameters>,10,</ownDataTypeParameters>
</Attribute>
<Attribute name="fecha_despegue" id="73BFAD7D-A812-544E-6C3C-AEEAA8ADB1C8">
<createdBy>evely</createdBy>
<createdTime>2026-01-19 00:33:36 UTC</createdTime>
<ownerDesignName>Exp1_S1_Grupo8</ownerDesignName>
<engineerTo>
<item key="098FA228-5A64-FFB1-D309-B2D589EADEFB" value="true"/>
</engineerTo>
<useDomainConstraints>false</useDomainConstraints>
<use>1</use>
<logicalDatatype>LOGDT007</logicalDatatype>
<ownDataTypeParameters>,,</ownDataTypeParameters>
</Attribute>
<Attribute name="fecha_llegada" id="B2D9A9C5-D72C-D769-4794-1D969343D5F7">
<createdBy>evely</createdBy>
<createdTime>2026-01-19 00:34:16 UTC</createdTime>
<ownerDesignName>Exp1_S1_Grupo8</ownerDesignName>
<engineerTo>
<item key="098FA228-5A64-FFB1-D309-B2D589EADEFB" value="true"/>
</engineerTo>
<useDomainConstraints>false</useDomainConstraints>
<use>1</use>
<logicalDatatype>LOGDT007</logicalDatatype>
<ownDataTypeParameters>,,</ownDataTypeParameters>
</Attribute>
<Attribute name="hora_salida" id="BF725B97-1545-3720-918F-7BA94F79B771">
<createdBy>evely</createdBy>
<createdTime>2026-01-19 00:34:42 UTC</createdTime>
<ownerDesignName>Exp1_S1_Grupo8</ownerDesignName>
<engineerTo>
<item key="098FA228-5A64-FFB1-D309-B2D589EADEFB" value="true"/>
</engineerTo>
<useDomainConstraints>false</useDomainConstraints>
<use>1</use>
<logicalDatatype>LOGDT007</logicalDatatype>
<ownDataTypeParameters>,,</ownDataTypeParameters>
</Attribute>
<Attribute name="matricula" id="2DD0F3D0-72F7-21B8-B9B8-AC70A6B1D572">
<createdBy>evely</createdBy>
<createdTime>2026-01-19 00:42:51 UTC</createdTime>
<generatorID>DA2E81D1-033C-7A2F-E24A-7546CFD649E1</generatorID>
<ownerDesignName>Exp1_S1_Grupo8</ownerDesignName>
<engineerTo>
<item key="098FA228-5A64-FFB1-D309-B2D589EADEFB" value="true"/>
</engineerTo>
<referedAttribute>60283BB6-E4FB-98DC-5342-F0113A48B7CC</referedAttribute>
<useDomainConstraints>false</useDomainConstraints>
<use>1</use>
<logicalDatatype>LOGDT019</logicalDatatype>
<dataTypePrecision>10</dataTypePrecision>
<ownDataTypeParameters>,,</ownDataTypeParameters>
</Attribute>
</attributes>
<identifiers itemClass="oracle.dbtools.crest.model.design.logical.CandidateKey">
<identifier id="1713BAAB-223A-B33B-8504-E160410CE4C3" name="VUELO PK">
<createdBy>evely</createdBy>
<createdTime>2026-01-19 00:33:11 UTC</createdTime>
<ownerDesignName>Exp1_S1_Grupo8</ownerDesignName>
<engineerTo>
<item key="098FA228-5A64-FFB1-D309-B2D589EADEFB" value="true"/>
</engineerTo>
<pk>true</pk>
<usedAttributes>
<attributeRef>773C5F4B-64E4-3AF9-BBA3-45991D1BAF4F</attributeRef>
</usedAttributes>
</identifier>
</identifiers>
</Entity>
