<?xml version = '1.0' encoding = 'UTF-8'?>
<Entity class="oracle.dbtools.crest.model.design.logical.Entity" directorySegmentName="seg_0" id="5C293BBE-387B-B128-2A9B-00BC78F53944" name="RESERVA_VUELO">
<createdBy>evely</createdBy>
<createdTime>2026-01-11 03:38:59 UTC</createdTime>
<ownerDesignName>Exp1_S1_Grupo8</ownerDesignName>
<engineerTo>
<item key="098FA228-5A64-FFB1-D309-B2D589EADEFB" value="true"/>
</engineerTo>
<adequatelyNormalized>NO</adequatelyNormalized>
<expectedVolumes>0</expectedVolumes>
<fwdEngineeringStrategyName>Single Table</fwdEngineeringStrategyName>
<growthPercent>0</growthPercent>
<growthType>Year</growthType>
<maxVolumes>9999999</maxVolumes>
<minVolumes>0</minVolumes>
<normalForm>Third</normalForm>
<attributes itemClass="oracle.dbtools.crest.model.design.logical.Attribute">
<Attribute name="numero_reserva" id="D1159CD0-8F6E-B652-22D6-87C0E3E358A4">
<createdBy>evely</createdBy>
<createdTime>2026-01-11 03:39:09 UTC</createdTime>
<ownerDesignName>Exp1_S1_Grupo8</ownerDesignName>
<engineerTo>
<item key="098FA228-5A64-FFB1-D309-B2D589EADEFB" value="true"/>
</engineerTo>
<useDomainConstraints>false</useDomainConstraints>
<use>1</use>
<logicalDatatype>LOGDT024</logicalDatatype>
<dataTypeSize>8 CHAR</dataTypeSize>
<ownDataTypeParameters>8 CHAR,,</ownDataTypeParameters>
</Attribute>
<Attribute name="fecha_reserva" id="1D03F436-A183-06E1-B414-3DD037BC6F09">
<createdBy>evely</createdBy>
<createdTime>2026-01-11 03:40:17 UTC</createdTime>
<ownerDesignName>Exp1_S1_Grupo8</ownerDesignName>
<engineerTo>
<item key="098FA228-5A64-FFB1-D309-B2D589EADEFB" value="true"/>
</engineerTo>
<useDomainConstraints>false</useDomainConstraints>
<use>1</use>
<logicalDatatype>LOGDT007</logicalDatatype>
<ownDataTypeParameters>,,</ownDataTypeParameters>
</Attribute>
<Attribute name="fecha_viaje" id="D1FB7A0E-23D6-E9AF-EA0D-BBC4DFD9D7D0">
<createdBy>evely</createdBy>
<createdTime>2026-01-11 03:40:38 UTC</createdTime>
<ownerDesignName>Exp1_S1_Grupo8</ownerDesignName>
<engineerTo>
<item key="098FA228-5A64-FFB1-D309-B2D589EADEFB" value="true"/>
</engineerTo>
<useDomainConstraints>false</useDomainConstraints>
<use>1</use>
<logicalDatatype>LOGDT007</logicalDatatype>
<ownDataTypeParameters>,,</ownDataTypeParameters>
</Attribute>
<Attribute name="estado_reserva" id="7FCDE9E9-BD35-EC5D-EC21-E41F7F686DC6">
<createdBy>evely</createdBy>
<createdTime>2026-01-11 03:41:02 UTC</createdTime>
<ownerDesignName>Exp1_S1_Grupo8</ownerDesignName>
<engineerTo>
<item key="098FA228-5A64-FFB1-D309-B2D589EADEFB" value="true"/>
</engineerTo>
<useDomainConstraints>false</useDomainConstraints>
<use>1</use>
<logicalDatatype>LOGDT024</logicalDatatype>
<dataTypeSize>10 CHAR</dataTypeSize>
<ownDataTypeParameters>10 CHAR,,</ownDataTypeParameters>
</Attribute>
<Attribute name="documento_identidad" id="102376FB-D53E-E234-0695-0892E945FC81">
<createdBy>evely</createdBy>
<createdTime>2026-01-18 23:00:04 UTC</createdTime>
<generatorID>623B7663-2744-139F-F1B6-0CF16EED0391</generatorID>
<ownerDesignName>Exp1_S1_Grupo8</ownerDesignName>
<engineerTo>
<item key="098FA228-5A64-FFB1-D309-B2D589EADEFB" value="true"/>
</engineerTo>
<referedAttribute>351EA58A-D1B8-D74B-04A2-A2C1EEDC1488</referedAttribute>
<useDomainConstraints>false</useDomainConstraints>
<use>1</use>
<logicalDatatype>LOGDT024</logicalDatatype>
<dataTypeSize>15 CHAR</dataTypeSize>
<ownDataTypeParameters>,,</ownDataTypeParameters>
</Attribute>
<Attribute name="numero_vuelo" id="F622F751-0237-463B-61D6-2F951BD172B8">
<createdBy>evely</createdBy>
<createdTime>2026-01-19 00:39:52 UTC</createdTime>
<generatorID>827279E2-887B-0682-3271-5D2C4B515AB0</generatorID>
<ownerDesignName>Exp1_S1_Grupo8</ownerDesignName>
<engineerTo>
<item key="098FA228-5A64-FFB1-D309-B2D589EADEFB" value="true"/>
</engineerTo>
<referedAttribute>773C5F4B-64E4-3AF9-BBA3-45991D1BAF4F</referedAttribute>
<useDomainConstraints>false</useDomainConstraints>
<use>1</use>
<logicalDatatype>LOGDT019</logicalDatatype>
<dataTypePrecision>10</dataTypePrecision>
<ownDataTypeParameters>,,</ownDataTypeParameters>
</Attribute>
</attributes>
<identifiers itemClass="oracle.dbtools.crest.model.design.logical.CandidateKey">
<identifier id="E6984C12-1458-9DF6-D23D-556C3D284570" name="RESERVA_VUELO PK">
<createdBy>evely</createdBy>
<createdTime>2026-01-11 03:40:14 UTC</createdTime>
<ownerDesignName>Exp1_S1_Grupo8</ownerDesignName>
<engineerTo>
<item key="098FA228-5A64-FFB1-D309-B2D589EADEFB" value="true"/>
</engineerTo>
<pk>true</pk>
<usedAttributes>
<attributeRef>D1159CD0-8F6E-B652-22D6-87C0E3E358A4</attributeRef>
</usedAttributes>
</identifier>
</identifiers>
</Entity>
