<?xml version = '1.0' encoding = 'UTF-8'?>
<Entity class="oracle.dbtools.crest.model.design.logical.Entity" directorySegmentName="seg_0" id="61E652A1-36CC-F2BF-6E10-4AB55B45FED0" name="EMPLEADO_ADMINISTRATIVO">
<createdBy>evely</createdBy>
<createdTime>2026-01-18 18:34:46 UTC</createdTime>
<ownerDesignName>Exp1_S1_Grupo8</ownerDesignName>
<engineerTo>
<item key="098FA228-5A64-FFB1-D309-B2D589EADEFB" value="true"/>
</engineerTo>
<adequatelyNormalized>NO</adequatelyNormalized>
<expectedVolumes>0</expectedVolumes>
<fwdEngineeringStrategyName>Single Table</fwdEngineeringStrategyName>
<growthPercent>0</growthPercent>
<growthType>Year</growthType>
<maxVolumes>9999999</maxVolumes>
<minVolumes>0</minVolumes>
<normalForm>Third</normalForm>
<attributes itemClass="oracle.dbtools.crest.model.design.logical.Attribute">
<Attribute name="horas_extras" id="21FC0A37-30ED-D084-DC55-4D2147EEE1B6">
<createdBy>evely</createdBy>
<createdTime>2026-01-18 18:35:12 UTC</createdTime>
<ownerDesignName>Exp1_S1_Grupo8</ownerDesignName>
<engineerTo>
<item key="098FA228-5A64-FFB1-D309-B2D589EADEFB" value="true"/>
</engineerTo>
<useDomainConstraints>false</useDomainConstraints>
<use>1</use>
<logicalDatatype>LOGDT019</logicalDatatype>
<dataTypePrecision>3</dataTypePrecision>
<dataTypeScale>2</dataTypeScale>
<ownDataTypeParameters>,3,2</ownDataTypeParameters>
</Attribute>
<Attribute name="afp" id="AFFAE08D-BC05-E43A-B301-5E460E2DC8C2">
<createdBy>evely</createdBy>
<createdTime>2026-01-18 18:36:28 UTC</createdTime>
<ownerDesignName>Exp1_S1_Grupo8</ownerDesignName>
<engineerTo>
<item key="098FA228-5A64-FFB1-D309-B2D589EADEFB" value="true"/>
</engineerTo>
<useDomainConstraints>false</useDomainConstraints>
<use>1</use>
<logicalDatatype>LOGDT024</logicalDatatype>
<dataTypeSize>15 CHAR</dataTypeSize>
<ownDataTypeParameters>15 CHAR,,</ownDataTypeParameters>
</Attribute>
<Attribute name="rut" id="E8AF7E75-6D0F-7D74-47DC-3DD7EEC41704">
<createdBy>evely</createdBy>
<createdTime>2026-01-19 00:50:22 UTC</createdTime>
<generatorID>AD145EA6-381D-AA7D-B35F-032DCF040C64</generatorID>
<ownerDesignName>Exp1_S1_Grupo8</ownerDesignName>
<engineerTo>
<item key="098FA228-5A64-FFB1-D309-B2D589EADEFB" value="true"/>
</engineerTo>
<referedAttribute>B50050FB-E4EF-2FBC-9544-C3772B4E32B7</referedAttribute>
<useDomainConstraints>false</useDomainConstraints>
<use>1</use>
<logicalDatatype>LOGDT024</logicalDatatype>
<dataTypeSize>12 CHAR</dataTypeSize>
<ownDataTypeParameters>,,</ownDataTypeParameters>
</Attribute>
</attributes>
</Entity>
