<?xml version = '1.0' encoding = 'UTF-8'?>
<Entity class="oracle.dbtools.crest.model.design.logical.Entity" directorySegmentName="seg_0" id="ED4509F3-C839-66E0-1464-D30D8AB0E0AF" name="PASAJERO">
<createdBy>evely</createdBy>
<createdTime>2026-01-11 03:30:08 UTC</createdTime>
<ownerDesignName>Exp1_S1_Grupo8</ownerDesignName>
<engineerTo>
<item key="098FA228-5A64-FFB1-D309-B2D589EADEFB" value="true"/>
</engineerTo>
<adequatelyNormalized>NO</adequatelyNormalized>
<expectedVolumes>0</expectedVolumes>
<fwdEngineeringStrategyName>Single Table</fwdEngineeringStrategyName>
<growthPercent>0</growthPercent>
<growthType>Year</growthType>
<maxVolumes>9999999</maxVolumes>
<minVolumes>0</minVolumes>
<normalForm>Third</normalForm>
<attributes itemClass="oracle.dbtools.crest.model.design.logical.Attribute">
<Attribute name="documento_identidad" id="351EA58A-D1B8-D74B-04A2-A2C1EEDC1488">
<createdBy>evely</createdBy>
<createdTime>2026-01-11 03:30:15 UTC</createdTime>
<ownerDesignName>Exp1_S1_Grupo8</ownerDesignName>
<engineerTo>
<item key="098FA228-5A64-FFB1-D309-B2D589EADEFB" value="true"/>
</engineerTo>
<useDomainConstraints>false</useDomainConstraints>
<use>1</use>
<logicalDatatype>LOGDT024</logicalDatatype>
<dataTypeSize>15 CHAR</dataTypeSize>
<ownDataTypeParameters>15 CHAR,,</ownDataTypeParameters>
</Attribute>
<Attribute name="primer_nombre" id="A26BD007-CDEE-96E2-4FE3-F067DEB88DD0">
<createdBy>evely</createdBy>
<createdTime>2026-01-11 03:31:38 UTC</createdTime>
<ownerDesignName>Exp1_S1_Grupo8</ownerDesignName>
<engineerTo>
<item key="098FA228-5A64-FFB1-D309-B2D589EADEFB" value="true"/>
</engineerTo>
<useDomainConstraints>false</useDomainConstraints>
<use>1</use>
<logicalDatatype>LOGDT024</logicalDatatype>
<dataTypeSize>20 CHAR</dataTypeSize>
<ownDataTypeParameters>20 CHAR,,</ownDataTypeParameters>
</Attribute>
<Attribute name="segundo_nombre" id="F030C590-1814-182D-583F-3F9CB11FB9D6">
<createdBy>evely</createdBy>
<createdTime>2026-01-11 03:32:05 UTC</createdTime>
<ownerDesignName>Exp1_S1_Grupo8</ownerDesignName>
<engineerTo>
<item key="098FA228-5A64-FFB1-D309-B2D589EADEFB" value="true"/>
</engineerTo>
<nullsAllowed>true</nullsAllowed>
<useDomainConstraints>false</useDomainConstraints>
<use>1</use>
<logicalDatatype>LOGDT024</logicalDatatype>
<dataTypeSize>20 CHAR</dataTypeSize>
<ownDataTypeParameters>20 CHAR,,</ownDataTypeParameters>
</Attribute>
<Attribute name="primer_apellido" id="AB8E72AD-C09B-1F0B-087A-5ED3259D5246">
<createdBy>evely</createdBy>
<createdTime>2026-01-11 03:32:29 UTC</createdTime>
<ownerDesignName>Exp1_S1_Grupo8</ownerDesignName>
<engineerTo>
<item key="098FA228-5A64-FFB1-D309-B2D589EADEFB" value="true"/>
</engineerTo>
<useDomainConstraints>false</useDomainConstraints>
<use>1</use>
<logicalDatatype>LOGDT024</logicalDatatype>
<dataTypeSize>20 CHAR</dataTypeSize>
<ownDataTypeParameters>20 CHAR,,</ownDataTypeParameters>
</Attribute>
<Attribute name="segundo_apellido" id="8773FEAE-3A92-5F0F-9FFB-047197841588">
<createdBy>evely</createdBy>
<createdTime>2026-01-11 03:32:53 UTC</createdTime>
<ownerDesignName>Exp1_S1_Grupo8</ownerDesignName>
<engineerTo>
<item key="098FA228-5A64-FFB1-D309-B2D589EADEFB" value="true"/>
</engineerTo>
<useDomainConstraints>false</useDomainConstraints>
<use>1</use>
<logicalDatatype>LOGDT024</logicalDatatype>
<dataTypeSize>20 CHAR</dataTypeSize>
<ownDataTypeParameters>20 CHAR,,</ownDataTypeParameters>
</Attribute>
<Attribute name="fecha_nacimiento" id="7161D5C6-FB03-C469-C696-B9524C41FCF3">
<createdBy>evely</createdBy>
<createdTime>2026-01-11 03:33:07 UTC</createdTime>
<ownerDesignName>Exp1_S1_Grupo8</ownerDesignName>
<engineerTo>
<item key="098FA228-5A64-FFB1-D309-B2D589EADEFB" value="true"/>
</engineerTo>
<useDomainConstraints>false</useDomainConstraints>
<use>1</use>
<logicalDatatype>LOGDT007</logicalDatatype>
<ownDataTypeParameters>,,</ownDataTypeParameters>
</Attribute>
<Attribute name="nacionalidad" id="4D4EE1CA-855C-0601-E9D2-1068C455C103">
<createdBy>evely</createdBy>
<createdTime>2026-01-11 03:33:32 UTC</createdTime>
<ownerDesignName>Exp1_S1_Grupo8</ownerDesignName>
<engineerTo>
<item key="098FA228-5A64-FFB1-D309-B2D589EADEFB" value="true"/>
</engineerTo>
<useDomainConstraints>false</useDomainConstraints>
<use>1</use>
<logicalDatatype>LOGDT024</logicalDatatype>
<dataTypeSize>20 CHAR</dataTypeSize>
<ownDataTypeParameters>20 CHAR,,</ownDataTypeParameters>
</Attribute>
<Attribute name="numero_telefono" id="1B1ADC46-526C-28BA-9A14-40C9F3BD22FA">
<createdBy>evely</createdBy>
<createdTime>2026-01-11 03:34:32 UTC</createdTime>
<ownerDesignName>Exp1_S1_Grupo8</ownerDesignName>
<engineerTo>
<item key="098FA228-5A64-FFB1-D309-B2D589EADEFB" value="true"/>
</engineerTo>
<nullsAllowed>true</nullsAllowed>
<useDomainConstraints>false</useDomainConstraints>
<use>1</use>
<logicalDatatype>LOGDT019</logicalDatatype>
<dataTypePrecision>12</dataTypePrecision>
<ownDataTypeParameters>,12,</ownDataTypeParameters>
</Attribute>
<Attribute name="correo" id="578C3B4F-367E-D862-A8C0-273838204C63">
<createdBy>evely</createdBy>
<createdTime>2026-01-11 03:42:56 UTC</createdTime>
<ownerDesignName>Exp1_S1_Grupo8</ownerDesignName>
<engineerTo>
<item key="098FA228-5A64-FFB1-D309-B2D589EADEFB" value="true"/>
</engineerTo>
<nullsAllowed>true</nullsAllowed>
<useDomainConstraints>false</useDomainConstraints>
<use>1</use>
<logicalDatatype>LOGDT024</logicalDatatype>
<dataTypeSize>20 CHAR</dataTypeSize>
<ownDataTypeParameters>20 CHAR,,</ownDataTypeParameters>
</Attribute>
<Attribute name="equipaje_asosiado" id="FAD2EB16-82FE-C272-847F-F48327E059F8">
<createdBy>evely</createdBy>
<createdTime>2026-01-18 18:43:46 UTC</createdTime>
<ownerDesignName>Exp1_S1_Grupo8</ownerDesignName>
<engineerTo>
<item key="098FA228-5A64-FFB1-D309-B2D589EADEFB" value="true"/>
</engineerTo>
<useDomainConstraints>false</useDomainConstraints>
<use>1</use>
<logicalDatatype>LOGDT024</logicalDatatype>
<dataTypeSize>15 CHAR</dataTypeSize>
<ownDataTypeParameters>15 CHAR,,</ownDataTypeParameters>
</Attribute>
</attributes>
<identifiers itemClass="oracle.dbtools.crest.model.design.logical.CandidateKey">
<identifier id="AF9D24E9-F073-8962-B667-1DD355C25D81" name="PASAJERO PK">
<createdBy>evely</createdBy>
<createdTime>2026-01-11 03:31:30 UTC</createdTime>
<ownerDesignName>Exp1_S1_Grupo8</ownerDesignName>
<engineerTo>
<item key="098FA228-5A64-FFB1-D309-B2D589EADEFB" value="true"/>
</engineerTo>
<pk>true</pk>
<usedAttributes>
<attributeRef>351EA58A-D1B8-D74B-04A2-A2C1EEDC1488</attributeRef>
</usedAttributes>
</identifier>
</identifiers>
</Entity>
