<?xml version = '1.0' encoding = 'UTF-8'?>
<Diagram class="oracle.dbtools.crest.swingui.logical.DPVLogical" name="Logical" id="03F7EE96-1A3B-A493-20F0-506F4D4EB33F">
<createdBy>evely</createdBy>
<modifiedBy>evely</modifiedBy>
<createdTime>2026-01-11 01:47:54 UTC</createdTime>
<autoRoute>false</autoRoute>
<boxInbox>false</boxInbox>
<showLegend>false</showLegend>
<showLabels>true</showLabels>
<showRelAttributes>false</showRelAttributes>
<gridEnabled>false</gridEnabled>
<showGrid>false</showGrid>
<diagramColor>-1</diagramColor>
<display>false</display>
<notation>2</notation>
<objectViews>
<OView class="oracle.dbtools.crest.swingui.logical.TVEntity" oid="3CAE413C-2A6D-A0FF-555F-10DE916BFBD1" otype="Entity" vid="17EE5E48-BEC9-3ACE-9B46-4D52A9E7BA67">
<hideElementsInCurrentOnly>false</hideElementsInCurrentOnly>
<bounds x="861" y="338" width="173" height="108"/>
</OView>
<OView class="oracle.dbtools.crest.swingui.logical.TVEntity" oid="4201A116-CB39-FD4C-AAF1-AA536781138F" otype="Entity" vid="B56F1692-AE15-DC5D-4FB3-3E188B3E9995">
<hideElementsInCurrentOnly>false</hideElementsInCurrentOnly>
<bounds x="823" y="24" width="211" height="117"/>
</OView>
<OView class="oracle.dbtools.crest.swingui.logical.TVEntity" oid="5C293BBE-387B-B128-2A9B-00BC78F53944" otype="Entity" vid="C73967C0-1F21-4AFA-8924-83EDB4B3E1C1">
<hideElementsInCurrentOnly>false</hideElementsInCurrentOnly>
<bounds x="627" y="326" width="226" height="137"/>
</OView>
<OView class="oracle.dbtools.crest.swingui.logical.TVEntity" oid="61E652A1-36CC-F2BF-6E10-4AB55B45FED0" otype="Entity" vid="E4CD0707-EA68-E82F-EB03-50FCFB2C6607">
<hideElementsInCurrentOnly>false</hideElementsInCurrentOnly>
<bounds x="318" y="348" width="188" height="75"/>
</OView>
<OView class="oracle.dbtools.crest.swingui.logical.TVEntity" oid="6B6B7A46-9484-5848-13D4-00CFDEB26686" otype="Entity" vid="7793596E-1C79-77B7-C69F-3C2879FD2FB2">
<hideElementsInCurrentOnly>false</hideElementsInCurrentOnly>
<bounds x="1" y="14" width="227" height="212"/>
</OView>
<OView class="oracle.dbtools.crest.swingui.logical.TVEntity" oid="D6D4D292-2A7B-298A-2552-043C335ABFE9" otype="Entity" vid="C9B00F13-A8A9-9D6D-5E8E-3F7106C82E01">
<hideElementsInCurrentOnly>false</hideElementsInCurrentOnly>
<bounds x="234" y="32" width="239" height="133"/>
</OView>
<OView class="oracle.dbtools.crest.swingui.logical.TVEntity" oid="ED4509F3-C839-66E0-1464-D30D8AB0E0AF" otype="Entity" vid="6E272B81-20BC-050A-0BFF-F058533FC5FA">
<hideElementsInCurrentOnly>false</hideElementsInCurrentOnly>
<bounds x="566" y="7" width="250" height="194"/>
</OView>
<OView class="oracle.dbtools.crest.swingui.logical.TVEntity" oid="F0AC4AD5-183B-6D83-9734-317FDE85D30C" otype="Entity" vid="A09D3631-53A8-2D1E-BEED-8DF0CB5F73D3">
<hideElementsInCurrentOnly>false</hideElementsInCurrentOnly>
<bounds x="8" y="313" width="247" height="81"/>
</OView>
</objectViews>
<connectors>
<Connector class="oracle.dbtools.crest.swingui.logical.TVRelation" oid="4053AF10-AFFA-4B89-56F7-592C4F41B80D" otype="Relation" vid_source="7793596E-1C79-77B7-C69F-3C2879FD2FB2" vid_target="A09D3631-53A8-2D1E-BEED-8DF0CB5F73D3">
<hideElementsInCurrentOnly>false</hideElementsInCurrentOnly>
<backgroundColor>-16777216</backgroundColor>
<lineWidth>1</lineWidth>
<sourceLabel class="oracle.dbtools.crest.model.design.Label">
<site>0</site>
<labelBounds x="118" y="264" width="39" height="32"/>
<noBackgroundColor>true</noBackgroundColor>
<noForegroundColor>true</noForegroundColor>
</sourceLabel>
<targetLabel class="oracle.dbtools.crest.model.design.Label">
<site>2</site>
<labelBounds x="118" y="288" width="26" height="19"/>
<noBackgroundColor>true</noBackgroundColor>
<noForegroundColor>true</noForegroundColor>
</targetLabel>
<points>
<point x="118" y="226"/>
<point x="127" y="313"/>
</points>
</Connector>
<Connector class="oracle.dbtools.crest.swingui.logical.TVRelation" oid="5AA79C59-8008-29B5-22AE-FA359DADF885" otype="Relation" vid_source="E4CD0707-EA68-E82F-EB03-50FCFB2C6607" vid_target="C73967C0-1F21-4AFA-8924-83EDB4B3E1C1">
<hideElementsInCurrentOnly>false</hideElementsInCurrentOnly>
<backgroundColor>-16777216</backgroundColor>
<lineWidth>1</lineWidth>
<sourceLabel class="oracle.dbtools.crest.model.design.Label">
<site>0</site>
<labelBounds x="516" y="355" width="52" height="30"/>
<noBackgroundColor>true</noBackgroundColor>
<noForegroundColor>true</noForegroundColor>
</sourceLabel>
<targetLabel class="oracle.dbtools.crest.model.design.Label">
<site>2</site>
<labelBounds x="552" y="388" width="69" height="30"/>
<noBackgroundColor>true</noBackgroundColor>
<noForegroundColor>true</noForegroundColor>
</targetLabel>
<points>
<point x="514" y="335"/>
<point x="627" y="385"/>
</points>
</Connector>
<Connector class="oracle.dbtools.crest.swingui.logical.TVRelation" oid="623B7663-2744-139F-F1B6-0CF16EED0391" otype="Relation" vid_source="6E272B81-20BC-050A-0BFF-F058533FC5FA" vid_target="C73967C0-1F21-4AFA-8924-83EDB4B3E1C1">
<hideElementsInCurrentOnly>false</hideElementsInCurrentOnly>
<backgroundColor>-16777216</backgroundColor>
<lineWidth>1</lineWidth>
<sourceLabel class="oracle.dbtools.crest.model.design.Label">
<site>0</site>
<labelBounds x="691" y="237" width="40" height="30"/>
<noBackgroundColor>true</noBackgroundColor>
<noForegroundColor>true</noForegroundColor>
</sourceLabel>
<targetLabel class="oracle.dbtools.crest.model.design.Label">
<site>2</site>
<labelBounds x="691" y="290" width="74" height="30"/>
<noBackgroundColor>true</noBackgroundColor>
<noForegroundColor>true</noForegroundColor>
</targetLabel>
<points>
<point x="691" y="201"/>
<point x="728" y="326"/>
</points>
</Connector>
<Connector class="oracle.dbtools.crest.swingui.logical.TVRelation" oid="827279E2-887B-0682-3271-5D2C4B515AB0" otype="Relation" vid_source="B56F1692-AE15-DC5D-4FB3-3E188B3E9995" vid_target="C73967C0-1F21-4AFA-8924-83EDB4B3E1C1">
<hideElementsInCurrentOnly>false</hideElementsInCurrentOnly>
<backgroundColor>-16777216</backgroundColor>
<lineWidth>1</lineWidth>
<sourceLabel class="oracle.dbtools.crest.model.design.Label">
<site>0</site>
<labelBounds x="853" y="177" width="56" height="30"/>
<noBackgroundColor>true</noBackgroundColor>
<noForegroundColor>true</noForegroundColor>
</sourceLabel>
<targetLabel class="oracle.dbtools.crest.model.design.Label">
<site>2</site>
<labelBounds x="863" y="282" width="59" height="30"/>
<noBackgroundColor>true</noBackgroundColor>
<noForegroundColor>true</noForegroundColor>
</targetLabel>
<points>
<point x="853" y="141"/>
<point x="818" y="326"/>
</points>
</Connector>
<Connector class="oracle.dbtools.crest.swingui.logical.TVRelation" oid="AD145EA6-381D-AA7D-B35F-032DCF040C64" otype="Relation" vid_source="7793596E-1C79-77B7-C69F-3C2879FD2FB2" vid_target="E4CD0707-EA68-E82F-EB03-50FCFB2C6607">
<hideElementsInCurrentOnly>false</hideElementsInCurrentOnly>
<backgroundColor>-16777216</backgroundColor>
<lineWidth>1</lineWidth>
<sourceLabel class="oracle.dbtools.crest.model.design.Label">
<site>0</site>
<labelBounds x="238" y="221" width="37" height="30"/>
<noBackgroundColor>true</noBackgroundColor>
<noForegroundColor>true</noForegroundColor>
</sourceLabel>
<targetLabel class="oracle.dbtools.crest.model.design.Label">
<site>2</site>
<labelBounds x="369" y="312" width="30" height="30"/>
<noBackgroundColor>true</noBackgroundColor>
<noForegroundColor>true</noForegroundColor>
</targetLabel>
<points>
<point x="228" y="221"/>
<point x="366" y="277"/>
</points>
</Connector>
<Connector class="oracle.dbtools.crest.swingui.logical.TVRelation" oid="D2ECE8DF-4717-56D6-0A7F-123AA3CD5850" otype="Relation" vid_source="6E272B81-20BC-050A-0BFF-F058533FC5FA" vid_target="C9B00F13-A8A9-9D6D-5E8E-3F7106C82E01">
<hideElementsInCurrentOnly>false</hideElementsInCurrentOnly>
<backgroundColor>-16777216</backgroundColor>
<lineWidth>1</lineWidth>
<sourceLabel class="oracle.dbtools.crest.model.design.Label">
<site>0</site>
<labelBounds x="514" y="68" width="46" height="30"/>
<noBackgroundColor>true</noBackgroundColor>
<noForegroundColor>true</noForegroundColor>
</sourceLabel>
<targetLabel class="oracle.dbtools.crest.model.design.Label">
<site>2</site>
<labelBounds x="483" y="101" width="64" height="30"/>
<noBackgroundColor>true</noBackgroundColor>
<noForegroundColor>true</noForegroundColor>
</targetLabel>
<points>
<point x="566" y="98"/>
<point x="443" y="244"/>
</points>
</Connector>
<Connector class="oracle.dbtools.crest.swingui.logical.TVRelation" oid="DA2E81D1-033C-7A2F-E24A-7546CFD649E1" otype="Relation" vid_source="17EE5E48-BEC9-3ACE-9B46-4D52A9E7BA67" vid_target="B56F1692-AE15-DC5D-4FB3-3E188B3E9995">
<hideElementsInCurrentOnly>false</hideElementsInCurrentOnly>
<backgroundColor>-16777216</backgroundColor>
<lineWidth>1</lineWidth>
<sourceLabel class="oracle.dbtools.crest.model.design.Label">
<site>0</site>
<labelBounds x="947" y="302" width="51" height="30"/>
<noBackgroundColor>true</noBackgroundColor>
<noForegroundColor>true</noForegroundColor>
</sourceLabel>
<targetLabel class="oracle.dbtools.crest.model.design.Label">
<site>2</site>
<labelBounds x="947" y="185" width="59" height="30"/>
<noBackgroundColor>true</noBackgroundColor>
<noForegroundColor>true</noForegroundColor>
</targetLabel>
<points>
<point x="863" y="169"/>
<point x="947" y="141"/>
</points>
</Connector>
</connectors>
</Diagram>
